{
  "name": "ng-cordova-oauth",
  "main": "dist/ng-cordova-oauth.js",
  "version": "0.3.0",
  "homepage": "https://github.com/nraboy/ng-cordova-oauth",
  "authors": [
    "Nic Raboy <https://www.nraboy.com>"
  ],
  "description": "AngularJS oauth library for use with Apache Cordova projects",
  "moduleType": [
    "node"
  ],
  "keywords": [
    "ng-cordova-oauth",
    "ngcordova",
    "angularjs",
    "ionic",
    "oauth",
    "apache cordova",
    "phonegap",
    "ionic framework"
  ],
  "license": "MIT",
  "ignore": [
    "**/.*",
    "node_modules",
    "bower_components",
    "test",
    "tests"
  ],
  "_release": "0.3.0",
  "_resolution": {
    "type": "version",
    "tag": "0.3.0",
    "commit": "555b5caafbe0b7a552c6dc418e3353f6615f24da"
  },
  "_source": "https://github.com/nraboy/ng-cordova-oauth.git",
  "_target": "^0.3.0",
  "_originalSource": "ng-cordova-oauth",
  "_direct": true
}